"outcome","group","treatment_EC","control_EC","statistic_EC","p_EC","treatment_WGU","control_WGU","statistic_WGU","p_WGU"
"On-Time Progress","All Students",0.565074453684007,0.56042471042471,0.227370477471332,0.633480471637777,0.679773561811506,0.690490520613903,1.75454610392316,0.185306242981993
"On-Time Progress","Students who attended orientation",0.660071359065845,0.64244741873805,2.12652609140391,0.14476852615944,,,,
"Retention","All Students",0.397795397408625,0.38957528957529,1.01716319014924,0.313192854767531,0.739290085679315,0.742401444477881,0.166157251067884,0.683549808521239
"Retention","Students who attended orientation",0.49399935128122,0.478967495219885,1.21389628855406,0.270561842488119,,,,
"Success Rate","All Students",0.600430688861779,0.598111005350523,-0.248641340953376,0.803643160810946,0.777924917966659,0.777824592413698,-0.0177945262047868,0.985803040887424
"Success Rate","Students who attended orientation",0.700925318026586,0.688019383992792,-1.14925412206275,0.250495406170563,,,,
